seed,k,silhouette_score,training_cost,minimum_cluster_size,maximum_cluster_size,average_dominant_district_share
42,2,0.4955810601881854,29501.087617921334,6932,8602,0.12369627334750719
123,2,0.49555568384205123,29501.083167463148,6939,8595,0.12367142541323078
2026,2,0.49493521042638594,29502.654282569936,7129,8405,0.12307750206131604
42,3,0.4879517408041369,22291.021969532623,3675,6008,0.12144155809847934
123,3,0.49053216041302905,22281.010752183593,3734,6096,0.12314801918791328
2026,3,0.48955412841560947,22277.68804015438,3704,6055,0.1226533858974339
42,4,0.4435116026678672,18477.129016294948,2958,5365,0.1249572921304001
123,4,0.4441678871519148,18481.357678199063,2624,5464,0.1230981116437656
2026,4,0.4420983569662501,18464.359111500708,2724,4918,0.12539619619450887
42,5,0.42777331734927243,16039.803438058852,2532,3824,0.1530613714537465
123,5,0.40695672383479903,16061.46068084636,2456,3695,0.16116980987628302
2026,5,0.44752466263174995,15428.40720444462,2491,3755,0.15273036587451827
42,6,0.44372902399762565,13702.06925221477,2196,2955,0.20747508217003482
123,6,0.4455891869137156,13713.058937138117,2137,2959,0.20920426403626288
2026,6,0.44374941962040587,13701.957099288615,2188,2953,0.20762367690668482
