cluster,district,incident_count,cluster_share
0,6,451214,0.1312
0,7,446403,0.1298
0,4,438177,0.1274
0,3,391069,0.1137
0,2,363748,0.1058
0,5,339898,0.0989
0,8,295737,0.086
0,9,289051,0.0841
0,22,252048,0.0733
0,1,157882,0.0459
0,18,6816,0.002
0,12,6213,0.0018
0,31,45,0.0
0,,20,0.0
0,19,6,0.0
0,24,5,0.0
0,10,4,0.0
0,21,4,0.0
0,20,3,0.0
0,11,2,0.0
0,16,1,0.0
0,17,1,0.0
0,15,1,0.0
1,11,492761,0.1157
1,25,438188,0.1029
1,12,374420,0.0879
1,19,345048,0.081
1,18,337838,0.0793
1,10,332173,0.078
1,15,330605,0.0776
1,14,297654,0.0699
1,16,256815,0.0603
1,24,232403,0.0546
1,8,222690,0.0523
1,17,222373,0.0522
1,1,152399,0.0358
1,20,136068,0.0319
1,9,87685,0.0206
1,31,189,0.0
1,,27,0.0
1,6,5,0.0
1,2,3,0.0
1,22,3,0.0
1,4,1,0.0
1,7,1,0.0
1,5,1,0.0
